{
    "accuracy": 54.78260869565217,
    "accuracy_kmeans": 65.21739130434783,
    "alpha": 0.1,
    "batch_size": 512,
    "beta": 1.0,
    "context_size": 5,
    "cuda": true,
    "dataset": "football",
    "em_iter": 0,
    "embedding_optimizer": "exphsgd",
    "epoch": 1,
    "epoch_embedding": 10,
    "epoch_embedding_init": 300,
    "force_rw": true,
    "gamma": 0.1,
    "id": "football-2D-KMEANS-01",
    "init_alpha": 0.1,
    "init_beta": 1.0,
    "init_lr": 10.0,
    "kmeans_from_embeddings": {
        "MAX": 73.91304016113281,
        "MEANS": 66.73912811279297,
        "MIN": 57.39130401611328,
        "RES": [
            69.56521606445312,
            64.34782409667969,
            65.21739196777344,
            72.17391204833984,
            63.4782600402832,
            65.21739196777344,
            65.21739196777344,
            57.39130401611328,
            73.0434799194336,
            73.0434799194336,
            73.0434799194336,
            63.4782600402832,
            58.260868072509766,
            71.3043441772461,
            63.4782600402832,
            73.91304016113281,
            65.21739196777344,
            57.39130401611328,
            73.91304016113281,
            66.08695983886719
        ],
        "STD": 5.498708724975586,
        "STD_KMEANS": [
            [
                2.402453899383545,
                2.371023654937744,
                0.6476759910583496,
                0.5072362422943115,
                1.2191123962402344,
                1.6871602535247803,
                0.6295979022979736,
                0.9564349055290222,
                0.43718013167381287,
                1.3929208517074585,
                0.9431345462799072,
                2.4228227138519287
            ],
            [
                0.6842927932739258,
                0.6476759910583496,
                0.5023540258407593,
                1.02031409740448,
                1.2191123962402344,
                1.3516898155212402,
                1.219295620918274,
                3.2098302841186523,
                1.3929208517074585,
                1.6871602535247803,
                0.8943023681640625,
                1.8941378593444824
            ],
            [
                0.2771185040473938,
                3.217298746109009,
                0.8192030787467957,
                1.3665969371795654,
                1.339635968208313,
                0.9725695848464966,
                0.9184786081314087,
                2.494119167327881,
                0.8417190909385681,
                1.6871602535247803,
                1.1032299995422363,
                1.2191123962402344
            ],
            [
                1.078202247619629,
                1.02031409740448,
                2.102402687072754,
                1.219295620918274,
                0.8895601630210876,
                0.9184786081314087,
                1.5299509763717651,
                0.9725695848464966,
                0.8641924262046814,
                1.3665969371795654,
                0.9355844259262085,
                1.3929208517074585
            ],
            [
                0.8018779754638672,
                0.9355844259262085,
                1.599402666091919,
                2.102402687072754,
                0.9184786081314087,
                0.5553447008132935,
                0.8895601630210876,
                1.02031409740448,
                0.7633452415466309,
                1.8941378593444824,
                1.3929208517074585,
                1.5240534543991089
            ],
            [
                5.4253740310668945,
                1.3665969371795654,
                0.9725695848464966,
                0.8172343969345093,
                0.6061698198318481,
                1.5107280015945435,
                1.532402515411377,
                0.9184786081314087,
                1.6871602535247803,
                0.5793336033821106,
                0.7480940222740173,
                1.188000202178955
            ],
            [
                0.9725695848464966,
                1.3665969371795654,
                1.3620325326919556,
                1.3929208517074585,
                1.5240534543991089,
                1.2191123962402344,
                0.6476759910583496,
                1.6871602535247803,
                1.6566733121871948,
                1.1823521852493286,
                0.5553447008132935,
                0.6200464963912964
            ],
            [
                1.4647291898727417,
                0.6476759910583496,
                3.1246578693389893,
                0.9725695848464966,
                1.3665969371795654,
                0.9355844259262085,
                1.1823521852493286,
                0.7154157161712646,
                1.3620325326919556,
                2.0576012134552,
                0.4914150834083557,
                1.3929208517074585
            ],
            [
                1.090941071510315,
                2.6370837688446045,
                1.1823521852493286,
                0.49979910254478455,
                1.3929208517074585,
                2.191512107849121,
                0.6476759910583496,
                0.7633452415466309,
                1.599402666091919,
                0.9355844259262085,
                0.5553447008132935,
                1.2191123962402344
            ],
            [
                0.6476759910583496,
                0.7633452415466309,
                1.5299509763717651,
                1.6871602535247803,
                1.219295620918274,
                1.2191123962402344,
                1.02031409740448,
                0.9184786081314087,
                1.599402666091919,
                1.1636325120925903,
                1.3929208517074585,
                0.8018779754638672
            ],
            [
                0.8018779754638672,
                3.1246578693389893,
                0.9292205572128296,
                0.7633452415466309,
                1.02031409740448,
                0.746421754360199,
                1.3929208517074585,
                0.3639735281467438,
                1.6871602535247803,
                2.929586410522461,
                0.6476759910583496,
                1.2191123962402344
            ],
            [
                0.7633452415466309,
                0.9184786081314087,
                1.3929208517074585,
                0.8018779754638672,
                2.102402687072754,
                1.8941378593444824,
                0.5553447008132935,
                1.5240534543991089,
                0.9355844259262085,
                0.8895601630210876,
                1.599402666091919,
                1.02031409740448
            ],
            [
                1.2191123962402344,
                0.8172343969345093,
                1.3929208517074585,
                1.599402666091919,
                0.6476759910583496,
                0.9184786081314087,
                1.2921481132507324,
                0.7633452415466309,
                0.5553447008132935,
                1.6566733121871948,
                1.9557774066925049,
                1.3205783367156982
            ],
            [
                0.8417190909385681,
                1.1823521852493286,
                1.3929208517074585,
                1.256623387336731,
                2.6370837688446045,
                0.6476759910583496,
                1.3665969371795654,
                1.6871602535247803,
                0.9725695848464966,
                1.2191123962402344,
                0.8641924262046814,
                0.2771185040473938
            ],
            [
                1.9557774066925049,
                1.02031409740448,
                0.8018779754638672,
                0.9184786081314087,
                1.3929208517074585,
                1.599402666091919,
                0.7633452415466309,
