{
    "alpha": 0.1,
    "batch_size": 512,
    "beta": 1.0,
    "context_size": 5,
    "cuda": true,
    "dataset": "polblog",
    "em_iter": 0,
    "embedding_optimizer": "sgd",
    "epoch": 1,
    "epoch_embedding": 10,
    "epoch_embedding_init": 250,
    "force_rw": true,
    "gamma": 0.1,
    "id": "polblog-euclidean-2D-KMEANS-01",
    "init_alpha": 0.1,
    "init_beta": 1.0,
    "init_lr": 10.0,
    "kmeans_from_embeddings": {
        "MAX": 93.87255096435547,
        "MEANS": 93.70097351074219,
        "MIN": 93.62744903564453,
        "RES": [
            93.62744903564453,
            93.62744903564453,
            93.62744903564453,
            93.87255096435547,
            93.62744903564453,
            93.87255096435547,
            93.70915222167969,
            93.62744903564453,
            93.62744903564453,
            93.62744903564453,
            93.62744903564453,
            93.70915222167969,
            93.70915222167969,
            93.62744903564453,
            93.62744903564453,
            93.87255096435547,
            93.87255096435547,
            93.87255096435547,
            93.62744903564453,
            93.62744903564453
        ],
        "STD": 0.10569692403078079,
        "STD_KMEANS": [
            [
                932.5547485351562,
                800.8599853515625
            ],
            [
                932.550048828125,
                800.8553466796875
            ],
            [
                800.8599853515625,
                932.5547485351562
            ],
            [
                943.2138671875,
                790.2465209960938
            ],
            [
                800.8553466796875,
                932.550048828125
            ],
            [
                943.2138671875,
                790.2465209960938
            ],
            [
                910.3236083984375,
                823.47998046875
            ],
            [
                932.550048828125,
                800.8553466796875
            ],
            [
                800.8599853515625,
                932.5547485351562
            ],
            [
                800.8599853515625,
                932.5547485351562
            ],
            [
                932.5547485351562,
                800.8599853515625
            ],
            [
                910.3236083984375,
                823.47998046875
            ],
            [
                910.3236083984375,
                823.47998046875
            ],
            [
                800.8553466796875,
                932.550048828125
            ],
            [
                800.8553466796875,
                932.550048828125
            ],
            [
                943.21630859375,
                790.249267578125
            ],
            [
                790.249267578125,
                943.21630859375
            ],
            [
                943.2138671875,
                790.2465209960938
            ],
            [
                932.5547485351562,
                800.8599853515625
            ],
            [
                932.550048828125,
                800.8553466796875
            ]
        ]
    },
    "lr": 10.0,
    "n_gaussian": 2,
    "negative_sampling": 10,
    "precompute_rw": 1,
    "save": true,
    "seed": 1,
    "size": 2,
    "walk_lenght": 10
}