{
    "accuracy_kmeans": [
        67.82608695652173,
        [
            1.7649505138397217,
            1.1019349098205566,
            0.7356464862823486,
            1.6093556880950928,
            0.8149136900901794,
            1.157233476638794,
            0.6944473385810852,
            2.0267324447631836,
            1.4954863786697388,
            3.220767021179199,
            0.8800026178359985,
            0.896881103515625
        ]
    ],
    "alpha": 0.1,
    "batch_size": 512,
    "beta": 1.0,
    "context_size": 5,
    "cuda": true,
    "dataset": "football",
    "em_iter": 0,
    "embedding_optimizer": "sgd",
    "epoch": 1,
    "epoch_embedding": 10,
    "epoch_embedding_init": 300,
    "force_rw": true,
    "gamma": 0.1,
    "id": "football-euclidean-2D-KMEANS-01",
    "init_alpha": 0.1,
    "init_beta": 1.0,
    "init_lr": 10.0,
    "kmeans_from_embeddings": {
        "MAX": 73.0434799194336,
        "MEANS": 66.21739196777344,
        "MIN": 56.5217399597168,
        "RES": [
            68.6956558227539,
            62.60869598388672,
            65.21739196777344,
            73.0434799194336,
            72.17391204833984,
            68.6956558227539,
            63.4782600402832,
            66.08695983886719,
            67.82608795166016,
            57.39130401611328,
            68.6956558227539,
            66.08695983886719,
            66.9565200805664,
            71.3043441772461,
            56.5217399597168,
            64.34782409667969,
            58.260868072509766,
            67.82608795166016,
            67.82608795166016,
            71.3043441772461
        ],
        "STD": 4.706276893615723,
        "STD_KMEANS": [
            [
                1.800119161605835,
                0.7356464862823486,
                1.8907274007797241,
                0.5062969326972961,
                1.7039275169372559,
                2.760493755340576,
                1.0955462455749512,
                1.4954863786697388,
                0.7730360627174377,
                0.6101868152618408,
                0.6944473385810852,
                0.8403828144073486
            ],
            [
                1.7039275169372559,
                1.2984490394592285,
                1.484540343284607,
                0.7356464862823486,
                2.760493755340576,
                0.532960057258606,
                1.903498649597168,
                1.8620048761367798,
                0.4254779815673828,
                1.800119161605835,
                0.6101868152618408,
                0.4748689532279968
            ],
            [
                1.449263572692871,
                0.6944473385810852,
                1.6715385913848877,
                1.4954863786697388,
                1.8907274007797241,
                2.8790335655212402,
                1.800119161605835,
                1.3597159385681152,
                0.17104536294937134,
                1.0325872898101807,
                0.4699350595474243,
                1.456819772720337
            ],
            [
                1.4954863786697388,
                0.6101868152618408,
                1.0198785066604614,
                1.1019349098205566,
                0.6944473385810852,
                3.6856331825256348,
                0.896881103515625,
                3.220767021179199,
                0.8800026178359985,
                0.8149136900901794,
                0.2709510326385498,
                1.5630502700805664
            ],
            [
                2.2426655292510986,
                1.1019349098205566,
                2.1026697158813477,
                2.070462942123413,
                0.8149136900901794,
                1.1692126989364624,
                0.6944473385810852,
                0.6684218049049377,
                1.4954863786697388,
                0.6101868152618408,
                0.4494377374649048,
                2.714505195617676
            ],
            [
                1.9137537479400635,
                1.4954863786697388,
                1.4501471519470215,
                0.9005111455917358,
                1.800119161605835,
                1.163391351699829,
                1.7224682569503784,
                0.6944473385810852,
                1.0716278553009033,
                1.1019349098205566,
                0.6684218049049377,
                1.704286813735962
            ],
            [
                1.8907274007797241,
                0.8945601582527161,
                0.6101868152618408,
                1.484540343284607,
                0.35647502541542053,
                1.3597159385681152,
                0.6944473385810852,
                1.456819772720337,
                1.4954863786697388,
                1.0850399732589722,
                1.6116914749145508,
                1.9137537479400635
            ],
            [
                1.078159213066101,
                0.7730360627174377,
                1.3597159385681152,
                0.9348788857460022,
                0.6101868152618408,
                2.8850302696228027,
                0.5812758803367615,
                1.6116914749145508,
                0.6944473385810852,
                1.4954863786697388,
                1.1000468730926514,
                2.547844886779785
            ],
            [
                1.0325872898101807,
                3.220767021179199,
                2.4335994720458984,
                0.8149136900901794,
                1.1019349098205566,
                1.4954863786697388,
                2.33309268951416,
                1.6093556880950928,
                0.6944473385810852,
                0.8403828144073486,
                0.6806027293205261,
                0.17104536294937134
            ],
            [
                1.800119161605835,
                1.0322927236557007,
                1.5399671792984009,
                1.4954863786697388,
                1.9850136041641235,
                0.6944473385810852,
                0.6684218049049377,
                0.6101868152618408,
                0.666509211063385,
                2.3767640590667725,
                0.7730360627174377,
                1.8907274007797241
            ],
            [
                0.6944473385810852,
                0.896881103515625,
                0.6101868152618408,
                1.8620048761367798,
                1.8907274007797241,
                1.456819772720337,
                0.8149136900901794,
                1.2001934051513672,
                1.484540343284607,
                1.3597159385681152,
                1.4954863786697388,
                0.7356464862823486
            ],
            [
                1.1019349098205566,
                1.0852750539779663,
                0.8800026178359985,
                0.6944473385810852,
                3.177309513092041,
                1.903498649597168,
                1.7649505138397217,
                0.713452935218811,
                0.7356464862823486,
                1.5761114358901978,
                1.4954863786697388,
                0.6101868152618408
            ],
            [
                0.8403828144073486,
                1.4954863786697388,
                2.2628395557403564,
                1.7945003509521484,
                0.6101868152618408,
                2.6576552391052246,
                0.8800026178359985,
                0.8149136900901794,
                0.7356464862823486,
                0.6944473385810852,
                1.1019349098205566,
                1.4749070405960083
            ],
            [
                1.3597159385681152,
                0.6944473385810852,
                0.4494377374649048,
                0.6101868152618408,
                1.484540343284607,
                0.8149136900901794,
                1.1019349098205566,
                2.2628395557403564,
                1.4954863786697388,
