{
    "accuracy_kmeans": [
        79.04761904761905,
        [
            49.95575714111328,
            45.2424201965332,
            25.805307388305664
        ]
    ],
    "alpha": 0.1,
    "batch_size": 512,
    "beta": 1.0,
    "context_size": 5,
    "cuda": true,
    "dataset": "books",
    "em_iter": 0,
    "embedding_optimizer": "sgd",
    "epoch": 1,
    "epoch_embedding": 10,
    "epoch_embedding_init": 250,
    "force_rw": true,
    "gamma": 0.1,
    "id": "books-euclidean-2D-KMEANS-01",
    "init_alpha": 0.1,
    "init_beta": 1.0,
    "init_lr": 10.0,
    "kmeans_from_embeddings": {
        "MAX": 79.04762268066406,
        "MEANS": 76.38095092773438,
        "MIN": 72.38095092773438,
        "RES": [
            72.38095092773438,
            72.38095092773438,
            79.04762268066406,
            79.04762268066406,
            79.04762268066406,
            72.38095092773438,
            72.38095092773438,
            79.04762268066406,
            72.38095092773438,
            79.04762268066406,
            79.04762268066406,
            79.04762268066406,
            79.04762268066406,
            79.04762268066406,
            72.38095092773438,
            79.04762268066406,
            79.04762268066406,
            72.38095092773438,
            72.38095092773438,
            79.04762268066406
        ],
        "STD": 3.3508338928222656,
        "STD_KMEANS": [
            [
                76.13465118408203,
                31.673418045043945,
                23.440296173095703
            ],
            [
                31.673418045043945,
                76.13465118408203,
                23.440296173095703
            ],
            [
                49.95575714111328,
                45.2424201965332,
                25.805307388305664
            ],
            [
                45.2424201965332,
                49.95575714111328,
                25.805307388305664
            ],
            [
                25.805307388305664,
                49.95575714111328,
                45.2424201965332
            ],
            [
                31.673418045043945,
                76.13465118408203,
                23.440296173095703
            ],
            [
                31.673418045043945,
                76.13465118408203,
                23.440296173095703
            ],
            [
                49.95575714111328,
                45.2424201965332,
                25.805307388305664
            ],
            [
                23.440296173095703,
                76.13465118408203,
                31.673418045043945
            ],
            [
                25.805307388305664,
                49.95575714111328,
                45.2424201965332
            ],
            [
                45.2424201965332,
                25.805307388305664,
                49.95575714111328
            ],
            [
                25.805307388305664,
                45.2424201965332,
                49.95575714111328
            ],
            [
                49.95575714111328,
                45.2424201965332,
                25.805307388305664
            ],
            [
                49.95575714111328,
                45.2424201965332,
                25.805307388305664
            ],
            [
                23.440296173095703,
                76.13465118408203,
                31.673418045043945
            ],
            [
                45.2424201965332,
                49.95575714111328,
                25.805307388305664
            ],
            [
                45.2424201965332,
                49.95575714111328,
                25.805307388305664
            ],
            [
                31.673418045043945,
                76.13465118408203,
                23.440296173095703
            ],
            [
                23.440296173095703,
                76.13465118408203,
                31.673418045043945
            ],
            [
                25.805307388305664,
                45.2424201965332,
                49.95575714111328
            ]
        ]
    },
    "lr": 10.0,
    "n_gaussian": 3,
    "negative_sampling": 10,
    "precompute_rw": 1,
    "save": true,
    "seed": 1,
    "size": 2,
    "walk_lenght": 10
}