{
    "accuracy": 73.33333333333333,
    "accuracy_kmeans": 80.95238095238095,
    "alpha": 0.1,
    "batch_size": 512,
    "beta": 1.0,
    "context_size": 5,
    "cuda": true,
    "dataset": "books",
    "em_iter": 0,
    "embedding_optimizer": "exphsgd",
    "epoch": 1,
    "epoch_embedding": 10,
    "epoch_embedding_init": 250,
    "force_rw": true,
    "gamma": 0.1,
    "id": "books-2D-KMEANS-01",
    "init_alpha": 0.1,
    "init_beta": 1.0,
    "init_lr": 10.0,
    "kmeans_from_embeddings": {
        "MAX": 81.9047622680664,
        "MEANS": 78.85713958740234,
        "MIN": 74.28571319580078,
        "RES": [
            80.95237731933594,
            76.19047546386719,
            80.95237731933594,
            81.9047622680664,
            74.28571319580078,
            79.04762268066406,
            80.0,
            74.28571319580078,
            79.04762268066406,
            81.9047622680664,
            75.23809814453125,
            79.04762268066406,
            80.95237731933594,
            80.95237731933594,
            79.04762268066406,
            79.04762268066406,
            74.28571319580078,
            79.04762268066406,
            79.04762268066406,
            81.9047622680664
        ],
        "STD": 2.614600658416748,
        "STD_KMEANS": [
            [
                22.72958755493164,
                46.77165985107422,
                46.96873474121094
            ],
            [
                67.09947967529297,
                33.35569763183594,
                21.83111572265625
            ],
            [
                46.77165985107422,
                46.96873474121094,
                22.72958755493164
            ],
            [
                24.619054794311523,
                46.77165985107422,
                45.17561721801758
            ],
            [
                25.08424186706543,
                27.811668395996094,
                70.35813903808594
            ],
            [
                32.057247161865234,
                45.550411224365234,
                41.055908203125
            ],
            [
                38.95509719848633,
                45.550411224365234,
                33.65282440185547
            ],
            [
                70.35813903808594,
                25.08424186706543,
                27.811668395996094
            ],
            [
                41.055908203125,
                32.057247161865234,
                45.550411224365234
            ],
            [
                45.17561721801758,
                24.619054794311523,
                46.77165985107422
            ],
            [
                26.884567260742188,
                67.09947967529297,
                28.4622859954834
            ],
            [
                32.057247161865234,
                45.550411224365234,
                41.055908203125
            ],
            [
                46.96873474121094,
                22.72958755493164,
                46.77165985107422
            ],
            [
                45.550411224365234,
                36.037166595458984,
                36.85246658325195
            ],
            [
                41.055908203125,
                45.550411224365234,
                32.057247161865234
            ],
            [
                32.057247161865234,
                45.550411224365234,
                41.055908203125
            ],
            [
                27.811668395996094,
                70.35813903808594,
                25.08424186706543
            ],
            [
                45.550411224365234,
                32.057247161865234,
                41.055908203125
            ],
            [
                32.057247161865234,
                41.055908203125,
                45.550411224365234
            ],
            [
                46.77165985107422,
                45.17561721801758,
                24.619054794311523
            ]
        ]
    },
    "lr": 10.0,
    "n_gaussian": 3,
    "negative_sampling": 10,
    "precompute_rw": 1,
    "save": true,
    "seed": 1,
    "size": 2,
    "supervised_evaluation": 0.8285714387893677,
    "walk_lenght": 10
}