{
    "accuracy": 54.46428571428571,
    "accuracy_kmeans": 53.57142857142857,
    "alpha": 0.1,
    "batch_size": 512,
    "beta": 1.0,
    "context_size": 5,
    "cuda": true,
    "dataset": "adjnoun",
    "em_iter": 0,
    "embedding_optimizer": "exphsgd",
    "epoch": 1,
    "epoch_embedding": 10,
    "epoch_embedding_init": 250,
    "force_rw": true,
    "gamma": 0.1,
    "id": "adjnoun-2D-KMEANS-01",
    "init_alpha": 0.1,
    "init_beta": 1.0,
    "init_lr": 2.0,
    "kmeans_from_embeddings": {
        "MAX": 55.35714340209961,
        "MEANS": 53.79463577270508,
        "MIN": 50.89285659790039,
        "RES": [
            55.35714340209961,
            53.57143020629883,
            51.78571319580078,
            50.89285659790039,
            53.57143020629883,
            51.78571319580078,
            55.35714340209961,
            53.57143020629883,
            55.35714340209961,
            50.89285659790039,
            55.35714340209961,
            55.35714340209961,
            50.89285659790039,
            55.35714340209961,
            53.57143020629883,
            55.35714340209961,
            55.35714340209961,
            51.78571319580078,
            55.35714340209961,
            55.35714340209961
        ],
        "STD": 1.8061569929122925,
        "STD_KMEANS": [
            [
                62.48428726196289,
                31.15641212463379
            ],
            [
                44.7675666809082,
                47.99345397949219
            ],
            [
                66.95951843261719,
                34.22029113769531
            ],
            [
                50.178897857666016,
                42.59085464477539
            ],
            [
                47.99345397949219,
                44.7675666809082
            ],
            [
                52.78165054321289,
                46.47920608520508
            ],
            [
                44.68572235107422,
                55.22716522216797
            ],
            [
                41.469566345214844,
                51.22697448730469
            ],
            [
                55.22716522216797,
                44.68572235107422
            ],
            [
                36.215633392333984,
                56.7440299987793
            ],
            [
                31.15641212463379,
                62.48428726196289
            ],
            [
                62.48428726196289,
                31.15641212463379
            ],
            [
                56.7440299987793,
                36.215633392333984
            ],
            [
                44.68572235107422,
                55.22716522216797
            ],
            [
                51.22697448730469,
                41.469566345214844
            ],
            [
                31.15641212463379,
                62.48428726196289
            ],
            [
                31.15641212463379,
                62.48428726196289
            ],
            [
                48.98442077636719,
                50.20694351196289
            ],
            [
                31.15641212463379,
                62.48428726196289
            ],
            [
                31.15641212463379,
                62.48428726196289
            ]
        ]
    },
    "lr": 2.0,
    "n_gaussian": 2,
    "negative_sampling": 5,
    "precompute_rw": 1,
    "save": true,
    "seed": 1,
    "size": 2,
    "supervised_evaluation": 0.45454545617103576,
    "walk_lenght": 10
}