{
    "alpha": 0.1,
    "batch_size": 512,
    "beta": 1.0,
    "context_size": 5,
    "cuda": true,
    "dataset": "polblog",
    "em_iter": 0,
    "embedding_optimizer": "exphsgd",
    "epoch": 1,
    "epoch_embedding": 10,
    "epoch_embedding_init": 250,
    "force_rw": true,
    "gamma": 0.1,
    "id": "polblog-2D-KMEANS-01",
    "init_alpha": 0.1,
    "init_beta": 1.0,
    "init_lr": 10.0,
    "kmeans_from_embeddings": {
        "MAX": 94.5261459350586,
        "MEANS": 94.52613067626953,
        "MIN": 94.5261459350586,
        "RES": [
            94.5261459350586,
            94.5261459350586,
            94.5261459350586,
            94.5261459350586,
            94.5261459350586,
            94.5261459350586,
            94.5261459350586,
            94.5261459350586,
            94.5261459350586,
            94.5261459350586,
            94.5261459350586,
            94.5261459350586,
            94.5261459350586,
            94.5261459350586,
            94.5261459350586,
            94.5261459350586,
            94.5261459350586,
            94.5261459350586,
            94.5261459350586,
            94.5261459350586
        ],
        "STD": 0.0,
        "STD_KMEANS": [
            [
                505.748291015625,
                560.8796997070312
            ],
            [
                560.8796997070312,
                505.748291015625
            ],
            [
                560.8796997070312,
                505.748291015625
            ],
            [
                505.748291015625,
                560.8796997070312
            ],
            [
                560.8796997070312,
                505.748291015625
            ],
            [
                505.748291015625,
                560.8796997070312
            ],
            [
                560.8796997070312,
                505.748291015625
            ],
            [
                560.8796997070312,
                505.748291015625
            ],
            [
                505.748291015625,
                560.8796997070312
            ],
            [
                560.8796997070312,
                505.748291015625
            ],
            [
                505.748291015625,
                560.8796997070312
            ],
            [
                560.8796997070312,
                505.748291015625
            ],
            [
                505.748291015625,
                560.8796997070312
            ],
            [
                505.748291015625,
                560.8796997070312
            ],
            [
                560.8796997070312,
                505.748291015625
            ],
            [
                560.8796997070312,
                505.748291015625
            ],
            [
                560.8796997070312,
                505.748291015625
            ],
            [
                505.748291015625,
                560.8796997070312
            ],
            [
                560.8796997070312,
                505.748291015625
            ],
            [
                560.8796997070312,
                505.748291015625
            ]
        ]
    },
    "lr": 10.0,
    "n_gaussian": 2,
    "negative_sampling": 5,
    "precompute_rw": 1,
    "save": true,
    "seed": 1,
    "size": 2,
    "supervised_evaluation": 0.9442623019218445,
    "walk_lenght": 10
}