{
    "accuracy_kmeans": [
        50.89285714285714,
        [
            53.959957122802734,
            76.1677017211914
        ]
    ],
    "alpha": 0.1,
    "batch_size": 512,
    "beta": 1.0,
    "context_size": 5,
    "cuda": true,
    "dataset": "adjnoun",
    "em_iter": 0,
    "embedding_optimizer": "sgd",
    "epoch": 1,
    "epoch_embedding": 10,
    "epoch_embedding_init": 250,
    "force_rw": true,
    "gamma": 0.1,
    "id": "adjnoun-euclidean-2D-KMEANS-01",
    "init_alpha": 0.1,
    "init_beta": 1.0,
    "init_lr": 1.0,
    "kmeans_from_embeddings": {
        "MAX": 55.35714340209961,
        "MEANS": 51.42856979370117,
        "MIN": 50.0,
        "RES": [
            50.0,
            50.0,
            50.89285659790039,
            51.78571319580078,
            55.35714340209961,
            50.0,
            51.78571319580078,
            51.78571319580078,
            50.0,
            50.0,
            50.0,
            55.35714340209961,
            55.35714340209961,
            50.0,
            50.0,
            50.89285659790039,
            51.78571319580078,
            50.89285659790039,
            52.67856979370117,
            50.0
        ],
        "STD": 1.886266827583313,
        "STD_KMEANS": [
            [
                64.52574920654297,
                60.687225341796875
            ],
            [
                57.937339782714844,
                67.42573547363281
            ],
            [
                66.05895233154297,
                60.52531051635742
            ],
            [
                62.51645278930664,
                66.29344177246094
            ],
            [
                55.223793029785156,
                73.60372924804688
            ],
            [
                60.687225341796875,
                64.52574920654297
            ],
            [
                71.92118835449219,
                57.931522369384766
            ],
            [
                71.92118835449219,
                57.931522369384766
            ],
            [
                67.42573547363281,
                57.937339782714844
            ],
            [
                57.937339782714844,
                67.42573547363281
            ],
            [
                57.937339782714844,
                67.42573547363281
            ],
            [
                55.223793029785156,
                73.60372924804688
            ],
            [
                55.223793029785156,
                73.60372924804688
            ],
            [
                77.63024139404297,
                52.5322151184082
            ],
            [
                60.687225341796875,
                64.52574920654297
            ],
            [
                66.05895233154297,
                60.52531051635742
            ],
            [
                70.11328125,
                59.823577880859375
            ],
            [
                66.05895233154297,
                60.52531051635742
            ],
            [
                67.29271697998047,
                62.70414733886719
            ],
            [
                64.52574920654297,
                60.687225341796875
            ]
        ]
    },
    "lr": 1.0,
    "n_gaussian": 2,
    "negative_sampling": 10,
    "precompute_rw": 1,
    "save": true,
    "seed": 1,
    "size": 2,
    "walk_lenght": 10
}