{
    "accuracy_kmeans": [
        94.11764705882352,
        [
            23.697107315063477,
            26.852447509765625
        ]
    ],
    "alpha": 0.1,
    "batch_size": 512,
    "beta": 1.0,
    "context_size": 5,
    "cuda": true,
    "dataset": "karate",
    "em_iter": 0,
    "embedding_optimizer": "sgd",
    "epoch": 1,
    "epoch_embedding": 10,
    "epoch_embedding_init": 250,
    "force_rw": true,
    "gamma": 0.1,
    "id": "karate-euclidean-2D-KMEANS-01",
    "init_alpha": 0.1,
    "init_beta": 1.0,
    "init_lr": 1.0,
    "kmeans_from_embeddings": {
        "MAX": 97.05882263183594,
        "MEANS": 85.5882339477539,
        "MIN": 64.70587921142578,
        "RES": [
            82.35294342041016,
            88.23529052734375,
            97.05882263183594,
            88.23529052734375,
            88.23529052734375,
            88.23529052734375,
            88.23529052734375,
            64.70587921142578,
            97.05882263183594,
            82.35294342041016,
            82.35294342041016,
            97.05882263183594,
            82.35294342041016,
            82.35294342041016,
            82.35294342041016,
            94.11764526367188,
            97.05882263183594,
            82.35294342041016,
            82.35294342041016,
            64.70587921142578
        ],
        "STD": 9.147808074951172,
        "STD_KMEANS": [
            [
                20.61772918701172,
                29.107295989990234
            ],
            [
                35.05059051513672,
                14.541827201843262
            ],
            [
                26.667421340942383,
                24.057680130004883
            ],
            [
                35.05059051513672,
                14.541827201843262
            ],
            [
                14.541827201843262,
                35.05059051513672
            ],
            [
                14.541827201843262,
                35.05059051513672
            ],
            [
                35.05059051513672,
                14.541827201843262
            ],
            [
                42.49787139892578,
                11.064704895019531
            ],
            [
                24.057680130004883,
                26.667421340942383
            ],
            [
                29.107295989990234,
                20.61772918701172
            ],
            [
                20.61772918701172,
                29.107295989990234
            ],
            [
                26.667421340942383,
                24.057680130004883
            ],
            [
                29.107295989990234,
                20.61772918701172
            ],
            [
                29.107295989990234,
                20.61772918701172
            ],
            [
                29.107295989990234,
                20.61772918701172
            ],
            [
                26.852447509765625,
                23.697107315063477
            ],
            [
                24.057680130004883,
                26.667421340942383
            ],
            [
                20.61772918701172,
                29.107295989990234
            ],
            [
                20.61772918701172,
                29.107295989990234
            ],
            [
                42.49787139892578,
                11.064704895019531
            ]
        ]
    },
    "lr": 1.0,
    "n_gaussian": 2,
    "negative_sampling": 10,
    "precompute_rw": 1,
    "save": true,
    "seed": 1,
    "size": 2,
    "supervised_evaluation": 0.9333333253860474,
    "walk_lenght": 10
}